,Name,Type,Overall Rating,Zip Code,TotalPop,Hispanic,White,Black,Native,Asian,Pacific,Income,IncomePerCap,Employed,PrivateWork,PublicWork,SelfEmployed,FamilyWork,Unemployment
0,Table Talk Diner,American,54.4,12601,295685,11.7,72.2,9.6,0.1,3.7,0.0,75585,36704,144934,77.7,16.6,5.6,0.2,6.7
1,River Station Restaurant,American,50.6,12601,295685,11.7,72.2,9.6,0.1,3.7,0.0,75585,36704,144934,77.7,16.6,5.6,0.2,6.7
2,Texas Roadhouse Restaurant,American,24.0,12601,295685,11.7,72.2,9.6,0.1,3.7,0.0,75585,36704,144934,77.7,16.6,5.6,0.2,6.7
3,Lolita's Pizza,Italian,9.6,12601,295685,11.7,72.2,9.6,0.1,3.7,0.0,75585,36704,144934,77.7,16.6,5.6,0.2,6.7
4,A Touch of Naples Pizza & Pasta,Italian,8.4,12601,295685,11.7,72.2,9.6,0.1,3.7,0.0,75585,36704,144934,77.7,16.6,5.6,0.2,6.7
5,The Artist's Palate,American,82.8,12601,295685,11.7,72.2,9.6,0.1,3.7,0.0,75585,36704,144934,77.7,16.6,5.6,0.2,6.7
6,Cosimo's Trattoria & Bar,Italian,51.8,12601,295685,11.7,72.2,9.6,0.1,3.7,0.0,75585,36704,144934,77.7,16.6,5.6,0.2,6.7
7,Aloy's Italian Restaurant,Italian,34.2,12601,295685,11.7,72.2,9.6,0.1,3.7,0.0,75585,36704,144934,77.7,16.6,5.6,0.2,6.7
8,Brasserie 292,European,74.2,12601,295685,11.7,72.2,9.6,0.1,3.7,0.0,75585,36704,144934,77.7,16.6,5.6,0.2,6.7
9,Nic L Inn Wine Cellar on the Hudson,Italian,65.2,12601,295685,11.7,72.2,9.6,0.1,3.7,0.0,75585,36704,144934,77.7,16.6,5.6,0.2,6.7
10,The Palace Diner,American,35.4,12601,295685,11.7,72.2,9.6,0.1,3.7,0.0,75585,36704,144934,77.7,16.6,5.6,0.2,6.7
11,Tavern 23,Bar,8.4,12601,295685,11.7,72.2,9.6,0.1,3.7,0.0,75585,36704,144934,77.7,16.6,5.6,0.2,6.7
12,Alex's Restaurant,American,16.2,12601,295685,11.7,72.2,9.6,0.1,3.7,0.0,75585,36704,144934,77.7,16.6,5.6,0.2,6.7
13,Ice House on the Hudson,American,75.4,12601,295685,11.7,72.2,9.6,0.1,3.7,0.0,75585,36704,144934,77.7,16.6,5.6,0.2,6.7
14,Mill House Brewing Company,American,142.4,12601,295685,11.7,72.2,9.6,0.1,3.7,0.0,75585,36704,144934,77.7,16.6,5.6,0.2,6.7
15,Lola's Catering and Cafe,American,43.8,12601,295685,11.7,72.2,9.6,0.1,3.7,0.0,75585,36704,144934,77.7,16.6,5.6,0.2,6.7
16,Schatzi's Pub and Bier Garden,German,27.2,12601,295685,11.7,72.2,9.6,0.1,3.7,0.0,75585,36704,144934,77.7,16.6,5.6,0.2,6.7
17,Sugar and Spice Cafe,Cafe,10.4,12601,295685,11.7,72.2,9.6,0.1,3.7,0.0,75585,36704,144934,77.7,16.6,5.6,0.2,6.7
18,Amici's,Italian,42.6,12601,295685,11.7,72.2,9.6,0.1,3.7,0.0,75585,36704,144934,77.7,16.6,5.6,0.2,6.7
19,El Azteca Mexican Deli,Mexican,11.2,12601,295685,11.7,72.2,9.6,0.1,3.7,0.0,75585,36704,144934,77.7,16.6,5.6,0.2,6.7
20,Crew,American,63.2,12601,295685,11.7,72.2,9.6,0.1,3.7,0.0,75585,36704,144934,77.7,16.6,5.6,0.2,6.7
21,Shadows on the Hudson,American,181.4,12601,295685,11.7,72.2,9.6,0.1,3.7,0.0,75585,36704,144934,77.7,16.6,5.6,0.2,6.7
22,Essie's Restaurant,American,16.4,12601,295685,11.7,72.2,9.6,0.1,3.7,0.0,75585,36704,144934,77.7,16.6,5.6,0.2,6.7
23,Emiliano's Pizza,Pizza,10.8,12601,295685,11.7,72.2,9.6,0.1,3.7,0.0,75585,36704,144934,77.7,16.6,5.6,0.2,6.7
24,Bonefish Grill - Poughkeepsie,American,55.4,12601,295685,11.7,72.2,9.6,0.1,3.7,0.0,75585,36704,144934,77.7,16.6,5.6,0.2,6.7
25,"Blue Collar Brewery, Inc.",American,14.8,12601,295685,11.7,72.2,9.6,0.1,3.7,0.0,75585,36704,144934,77.7,16.6,5.6,0.2,6.7
26,Paula's Public House,American,14.2,12603,295685,11.7,72.2,9.6,0.1,3.7,0.0,75585,36704,144934,77.7,16.6,5.6,0.2,6.7
27,J. Dominick's Trattoria,Italian,29.2,12603,295685,11.7,72.2,9.6,0.1,3.7,0.0,75585,36704,144934,77.7,16.6,5.6,0.2,6.7
28,P.C.'s Paddock Restaurant,American,55.6,12603,295685,11.7,72.2,9.6,0.1,3.7,0.0,75585,36704,144934,77.7,16.6,5.6,0.2,6.7
29,Billy Bob's BBQ,American,22.6,12603,295685,11.7,72.2,9.6,0.1,3.7,0.0,75585,36704,144934,77.7,16.6,5.6,0.2,6.7
30,The Clam Bar,American,60.2,13212,467669,4.7,77.1,10.7,0.5,3.9,0.0,57271,31436,223207,78.9,16.3,4.7,0.1,6.4
31,Mother's Cupboard Fish Fry,American,31.8,13206,467669,4.7,77.1,10.7,0.5,3.9,0.0,57271,31436,223207,78.9,16.3,4.7,0.1,6.4
32,Joey's Classic Italian Dining,Italian,118.8,13206,467669,4.7,77.1,10.7,0.5,3.9,0.0,57271,31436,223207,78.9,16.3,4.7,0.1,6.4
33,Pronto Joey's,Italian,37.8,13206,467669,4.7,77.1,10.7,0.5,3.9,0.0,57271,31436,223207,78.9,16.3,4.7,0.1,6.4
34,Rise N Shine Diner,American,42.6,13206,467669,4.7,77.1,10.7,0.5,3.9,0.0,57271,31436,223207,78.9,16.3,4.7,0.1,6.4
35,Tully's Good Times Erie Blvd,American,46.6,13224,467669,4.7,77.1,10.7,0.5,3.9,0.0,57271,31436,223207,78.9,16.3,4.7,0.1,6.4
36,Delmonico's Italian Steak,Italian,86.6,13224,467669,4.7,77.1,10.7,0.5,3.9,0.0,57271,31436,223207,78.9,16.3,4.7,0.1,6.4
37,The Fish Friar,Seafood,20.4,13202,467669,4.7,77.1,10.7,0.5,3.9,0.0,57271,31436,223207,78.9,16.3,4.7,0.1,6.4
38,Mission Restaurant,Mexican,54.0,13202,467669,4.7,77.1,10.7,0.5,3.9,0.0,57271,31436,223207,78.9,16.3,4.7,0.1,6.4
39,Kitty Hoynes Irish Pub & Restaurant,Bar,135.4,13202,467669,4.7,77.1,10.7,0.5,3.9,0.0,57271,31436,223207,78.9,16.3,4.7,0.1,6.4
40,317 @ Montgomery,American,29.8,13202,467669,4.7,77.1,10.7,0.5,3.9,0.0,57271,31436,223207,78.9,16.3,4.7,0.1,6.4
41,Pastabilities,Italian,246.8,13202,467669,4.7,77.1,10.7,0.5,3.9,0.0,57271,31436,223207,78.9,16.3,4.7,0.1,6.4
42,Apizza Regionale,Italian,48.6,13202,467669,4.7,77.1,10.7,0.5,3.9,0.0,57271,31436,223207,78.9,16.3,4.7,0.1,6.4
43,Blue Tusk Pub & Wine Bar,American,40.2,13202,467669,4.7,77.1,10.7,0.5,3.9,0.0,57271,31436,223207,78.9,16.3,4.7,0.1,6.4
44,Dinosaur Bar-B-Que,American,538.8,13202,467669,4.7,77.1,10.7,0.5,3.9,0.0,57271,31436,223207,78.9,16.3,4.7,0.1,6.4
45,Modern Malt,American,46.2,13202,467669,4.7,77.1,10.7,0.5,3.9,0.0,57271,31436,223207,78.9,16.3,4.7,0.1,6.4
46,Lemon Grass Restaurant,Asian,73.6,13202,467669,4.7,77.1,10.7,0.5,3.9,0.0,57271,31436,223207,78.9,16.3,4.7,0.1,6.4
47,Laci's Tapas Bar,Contemporary,38.4,13203,467669,4.7,77.1,10.7,0.5,3.9,0.0,57271,31436,223207,78.9,16.3,4.7,0.1,6.4
48,Texas de Brazil,Steakhouse,52.8,13204,467669,4.7,77.1,10.7,0.5,3.9,0.0,57271,31436,223207,78.9,16.3,4.7,0.1,6.4
49,Eva's European Sweets,Polish,42.8,13204,467669,4.7,77.1,10.7,0.5,3.9,0.0,57271,31436,223207,78.9,16.3,4.7,0.1,6.4
50,The Cheesecake Factory,American,67.2,13204,467669,4.7,77.1,10.7,0.5,3.9,0.0,57271,31436,223207,78.9,16.3,4.7,0.1,6.4
51,Alto Cinco,Mexican,65.0,13210,467669,4.7,77.1,10.7,0.5,3.9,0.0,57271,31436,223207,78.9,16.3,4.7,0.1,6.4
52,Phoebe's Restaurant & Coffee Lounge,American,39.4,13244,467669,4.7,77.1,10.7,0.5,3.9,0.0,57271,31436,223207,78.9,16.3,4.7,0.1,6.4
53,Francesca's Cucina,Italian,120.6,13208,467669,4.7,77.1,10.7,0.5,3.9,0.0,57271,31436,223207,78.9,16.3,4.7,0.1,6.4
54,Stella's Diner,American,119.4,13208,467669,4.7,77.1,10.7,0.5,3.9,0.0,57271,31436,223207,78.9,16.3,4.7,0.1,6.4
55,The Cider Mill,American,30.8,13219,467669,4.7,77.1,10.7,0.5,3.9,0.0,57271,31436,223207,78.9,16.3,4.7,0.1,6.4
56,Copper Top Tavern Camillus,American,37.0,13219,467669,4.7,77.1,10.7,0.5,3.9,0.0,57271,31436,223207,78.9,16.3,4.7,0.1,6.4
57,Daniella's Steakhouse,American,65.2,13209,467669,4.7,77.1,10.7,0.5,3.9,0.0,57271,31436,223207,78.9,16.3,4.7,0.1,6.4
58,Dark Horse Tavern,American,29.8,13214,467669,4.7,77.1,10.7,0.5,3.9,0.0,57271,31436,223207,78.9,16.3,4.7,0.1,6.4
59,Texas Roadhouse,American,47.4,13214,467669,4.7,77.1,10.7,0.5,3.9,0.0,57271,31436,223207,78.9,16.3,4.7,0.1,6.4
60,John Thomas Steakhouse,American,54.8,14850,104415,4.8,77.3,3.6,0.2,10.3,0.0,56200,29759,50390,78.8,13.5,7.4,0.2,4.8
61,ZaZa's Cucina,Italian,57.4,14850,104415,4.8,77.3,3.6,0.2,10.3,0.0,56200,29759,50390,78.8,13.5,7.4,0.2,4.8
62,Maxie's Supper Club and Oyster Bar,American,78.8,14850,104415,4.8,77.3,3.6,0.2,10.3,0.0,56200,29759,50390,78.8,13.5,7.4,0.2,4.8
63,Ciao Wood-Fired Pizza & Pasta,Italian,84.0,14850,104415,4.8,77.3,3.6,0.2,10.3,0.0,56200,29759,50390,78.8,13.5,7.4,0.2,4.8
64,Carriage House Cafe,American,38.8,14850,104415,4.8,77.3,3.6,0.2,10.3,0.0,56200,29759,50390,78.8,13.5,7.4,0.2,4.8
65,Ithaca Ale House,American,95.8,14850,104415,4.8,77.3,3.6,0.2,10.3,0.0,56200,29759,50390,78.8,13.5,7.4,0.2,4.8
66,The Heights Restaurant and H Bar,American,60.2,14850,104415,4.8,77.3,3.6,0.2,10.3,0.0,56200,29759,50390,78.8,13.5,7.4,0.2,4.8
67,Red's Place,American,30.0,14850,104415,4.8,77.3,3.6,0.2,10.3,0.0,56200,29759,50390,78.8,13.5,7.4,0.2,4.8
68,Coltivare,American,40.4,14850,104415,4.8,77.3,3.6,0.2,10.3,0.0,56200,29759,50390,78.8,13.5,7.4,0.2,4.8
69,Ithaca Beer Co.,American,65.2,14850,104415,4.8,77.3,3.6,0.2,10.3,0.0,56200,29759,50390,78.8,13.5,7.4,0.2,4.8
70,Just a Taste,American,110.2,14850,104415,4.8,77.3,3.6,0.2,10.3,0.0,56200,29759,50390,78.8,13.5,7.4,0.2,4.8
71,Simeon's On the Commons,American,47.0,14850,104415,4.8,77.3,3.6,0.2,10.3,0.0,56200,29759,50390,78.8,13.5,7.4,0.2,4.8
72,Gola Osteria,Italian,43.8,14850,104415,4.8,77.3,3.6,0.2,10.3,0.0,56200,29759,50390,78.8,13.5,7.4,0.2,4.8
73,Sangam Indian Cuisine,Indian,38.6,14850,104415,4.8,77.3,3.6,0.2,10.3,0.0,56200,29759,50390,78.8,13.5,7.4,0.2,4.8
74,Cafe Dewitt,American,25.8,14850,104415,4.8,77.3,3.6,0.2,10.3,0.0,56200,29759,50390,78.8,13.5,7.4,0.2,4.8
75,Mercato Bar & Kitchen,Italian,39.0,14850,104415,4.8,77.3,3.6,0.2,10.3,0.0,56200,29759,50390,78.8,13.5,7.4,0.2,4.8
76,Mia Tapas Bar and Restaurant,Asian,48.0,14850,104415,4.8,77.3,3.6,0.2,10.3,0.0,56200,29759,50390,78.8,13.5,7.4,0.2,4.8
77,The Antlers Restaurant,American,46.4,14850,104415,4.8,77.3,3.6,0.2,10.3,0.0,56200,29759,50390,78.8,13.5,7.4,0.2,4.8
78,Moosewood Restaurant,American,191.8,14850,104415,4.8,77.3,3.6,0.2,10.3,0.0,56200,29759,50390,78.8,13.5,7.4,0.2,4.8
79,Saigon Kitchen,Asian,69.8,14850,104415,4.8,77.3,3.6,0.2,10.3,0.0,56200,29759,50390,78.8,13.5,7.4,0.2,4.8
80,MIX Kitchen and Bar,Fusion,73.8,14850,104415,4.8,77.3,3.6,0.2,10.3,0.0,56200,29759,50390,78.8,13.5,7.4,0.2,4.8
81,Ithaca Coffee Company,American,10.6,14850,104415,4.8,77.3,3.6,0.2,10.3,0.0,56200,29759,50390,78.8,13.5,7.4,0.2,4.8
82,The Bistro at La Tourelle,American,14.2,14850,104415,4.8,77.3,3.6,0.2,10.3,0.0,56200,29759,50390,78.8,13.5,7.4,0.2,4.8
83,Taste of Thai Express,Asian,49.4,14850,104415,4.8,77.3,3.6,0.2,10.3,0.0,56200,29759,50390,78.8,13.5,7.4,0.2,4.8
84,Glenwood Pines Restaurant,American,52.2,14850,104415,4.8,77.3,3.6,0.2,10.3,0.0,56200,29759,50390,78.8,13.5,7.4,0.2,4.8
85,The Boatyard Grill,American,222.0,14850,104415,4.8,77.3,3.6,0.2,10.3,0.0,56200,29759,50390,78.8,13.5,7.4,0.2,4.8
86,Viva Taqueria & Cantina,Mexican,80.6,14850,104415,4.8,77.3,3.6,0.2,10.3,0.0,56200,29759,50390,78.8,13.5,7.4,0.2,4.8
87,Le Cafe Cent-Dix,French,42.0,14850,104415,4.8,77.3,3.6,0.2,10.3,0.0,56200,29759,50390,78.8,13.5,7.4,0.2,4.8
88,AGAVA Restaurant,Southwestern,89.4,14850,104415,4.8,77.3,3.6,0.2,10.3,0.0,56200,29759,50390,78.8,13.5,7.4,0.2,4.8
89,Mahogany Grill,Steakhouse,116.2,14850,104415,4.8,77.3,3.6,0.2,10.3,0.0,56200,29759,50390,78.8,13.5,7.4,0.2,4.8
90,Taverna Banfi,Italian,37.6,14853,104415,4.8,77.3,3.6,0.2,10.3,0.0,56200,29759,50390,78.8,13.5,7.4,0.2,4.8
91,New World Bistro Bar,American,144.8,12209,308580,5.7,73.0,11.7,0.1,6.4,0.0,62293,35278,158961,71.3,24.5,4.2,0.1,5.3
92,Sweet Basil,Asian,29.4,12209,308580,5.7,73.0,11.7,0.1,6.4,0.0,62293,35278,158961,71.3,24.5,4.2,0.1,5.3
93,677 Prime,American,91.0,12207,308580,5.7,73.0,11.7,0.1,6.4,0.0,62293,35278,158961,71.3,24.5,4.2,0.1,5.3
94,Jack's Oyster House,American,106.4,12207,308580,5.7,73.0,11.7,0.1,6.4,0.0,62293,35278,158961,71.3,24.5,4.2,0.1,5.3
95,The Hollow Bar + Kitchen,Italian,36.6,12207,308580,5.7,73.0,11.7,0.1,6.4,0.0,62293,35278,158961,71.3,24.5,4.2,0.1,5.3
96,Mcgeary's,American,27.2,12207,308580,5.7,73.0,11.7,0.1,6.4,0.0,62293,35278,158961,71.3,24.5,4.2,0.1,5.3
97,Albany Pump Station CH Evans Brewing Co.,American,186.8,12207,308580,5.7,73.0,11.7,0.1,6.4,0.0,62293,35278,158961,71.3,24.5,4.2,0.1,5.3
98,The City Beer Hall,Gastropub,52.4,12207,308580,5.7,73.0,11.7,0.1,6.4,0.0,62293,35278,158961,71.3,24.5,4.2,0.1,5.3
99,Yono's Restaurant,Indonesian,60.0,12210,308580,5.7,73.0,11.7,0.1,6.4,0.0,62293,35278,158961,71.3,24.5,4.2,0.1,5.3
100,Rain,Chinese,23.4,12210,308580,5.7,73.0,11.7,0.1,6.4,0.0,62293,35278,158961,71.3,24.5,4.2,0.1,5.3
101,Iron Gate Cafe,American,58.4,12210,308580,5.7,73.0,11.7,0.1,6.4,0.0,62293,35278,158961,71.3,24.5,4.2,0.1,5.3
102,Sushi Tei Restaurant,Japanese,21.8,12203,308580,5.7,73.0,11.7,0.1,6.4,0.0,62293,35278,158961,71.3,24.5,4.2,0.1,5.3
103,MezzaNotte,Italian,44.8,12203,308580,5.7,73.0,11.7,0.1,6.4,0.0,62293,35278,158961,71.3,24.5,4.2,0.1,5.3
104,Athos Restaurant,Seafood,146.2,12203,308580,5.7,73.0,11.7,0.1,6.4,0.0,62293,35278,158961,71.3,24.5,4.2,0.1,5.3
105,City Line Bar and Grill,American,50.4,12203,308580,5.7,73.0,11.7,0.1,6.4,0.0,62293,35278,158961,71.3,24.5,4.2,0.1,5.3
106,black & blue Steak and Crab,Seafood,63.8,12203,308580,5.7,73.0,11.7,0.1,6.4,0.0,62293,35278,158961,71.3,24.5,4.2,0.1,5.3
107,Barcelona Restaurant,Italian,49.0,12203,308580,5.7,73.0,11.7,0.1,6.4,0.0,62293,35278,158961,71.3,24.5,4.2,0.1,5.3
108,The Standard Restaurant & Lounge,American,75.2,12203,308580,5.7,73.0,11.7,0.1,6.4,0.0,62293,35278,158961,71.3,24.5,4.2,0.1,5.3
109,Delmonico's Italian Steakhouse,Italian,140.4,12205,308580,5.7,73.0,11.7,0.1,6.4,0.0,62293,35278,158961,71.3,24.5,4.2,0.1,5.3
110,Warehouse Grill & BBQ,American,55.4,12205,308580,5.7,73.0,11.7,0.1,6.4,0.0,62293,35278,158961,71.3,24.5,4.2,0.1,5.3
111,99 Restaurants,American,32.0,12205,308580,5.7,73.0,11.7,0.1,6.4,0.0,62293,35278,158961,71.3,24.5,4.2,0.1,5.3
112,Jasmine Thai Restaurant,Asian,20.4,12306,308580,5.7,73.0,11.7,0.1,6.4,0.0,62293,35278,158961,71.3,24.5,4.2,0.1,5.3
113,Canali's Restaurant,Italian,72.0,12306,308580,5.7,73.0,11.7,0.1,6.4,0.0,62293,35278,158961,71.3,24.5,4.2,0.1,5.3
114,"Tops American Grill, Bakery & Bar",American,27.8,12306,308580,5.7,73.0,11.7,0.1,6.4,0.0,62293,35278,158961,71.3,24.5,4.2,0.1,5.3
115,Lanie's Cafe,Italian,38.8,12211,308580,5.7,73.0,11.7,0.1,6.4,0.0,62293,35278,158961,71.3,24.5,4.2,0.1,5.3
116,Home Style Pizza & Submarine,Italian,24.8,12309,308580,5.7,73.0,11.7,0.1,6.4,0.0,62293,35278,158961,71.3,24.5,4.2,0.1,5.3
117,Gershon's Deli,American,35.2,12309,308580,5.7,73.0,11.7,0.1,6.4,0.0,62293,35278,158961,71.3,24.5,4.2,0.1,5.3
118,Union Cafe,American,23.6,12309,308580,5.7,73.0,11.7,0.1,6.4,0.0,62293,35278,158961,71.3,24.5,4.2,0.1,5.3
119,Blue Ribbon Restaurant,Seafood,78.0,12304,308580,5.7,73.0,11.7,0.1,6.4,0.0,62293,35278,158961,71.3,24.5,4.2,0.1,5.3
120,Marino's Flying Pizza,Italian,15.2,12304,308580,5.7,73.0,11.7,0.1,6.4,0.0,62293,35278,158961,71.3,24.5,4.2,0.1,5.3
121,La Mexicana,Mexican,14.4,12304,308580,5.7,73.0,11.7,0.1,6.4,0.0,62293,35278,158961,71.3,24.5,4.2,0.1,5.3
122,Grappa '72 Ristorante,Italian,76.0,12206,308580,5.7,73.0,11.7,0.1,6.4,0.0,62293,35278,158961,71.3,24.5,4.2,0.1,5.3
123,Caffe Italia,Italian,48.0,12206,308580,5.7,73.0,11.7,0.1,6.4,0.0,62293,35278,158961,71.3,24.5,4.2,0.1,5.3
124,Casa Real Mexican Restaurant,Mexican,18.2,12303,308580,5.7,73.0,11.7,0.1,6.4,0.0,62293,35278,158961,71.3,24.5,4.2,0.1,5.3
125,Ferrari's Ristorante,Italian,65.6,12303,308580,5.7,73.0,11.7,0.1,6.4,0.0,62293,35278,158961,71.3,24.5,4.2,0.1,5.3
126,Druthers Brewing Company,American,57.4,12204,308580,5.7,73.0,11.7,0.1,6.4,0.0,62293,35278,158961,71.3,24.5,4.2,0.1,5.3
127,Cafe Madison,American,31.6,12208,308580,5.7,73.0,11.7,0.1,6.4,0.0,62293,35278,158961,71.3,24.5,4.2,0.1,5.3
128,Ravenous,Belgian,59.6,12866,226632,3.0,90.9,1.5,0.2,2.8,0.0,77548,39653,117053,77.4,17.4,5.1,0.1,4.6
129,Henry Street Taproom,American,35.8,12866,226632,3.0,90.9,1.5,0.2,2.8,0.0,77548,39653,117053,77.4,17.4,5.1,0.1,4.6
130,30 Lake,American,40.0,12866,226632,3.0,90.9,1.5,0.2,2.8,0.0,77548,39653,117053,77.4,17.4,5.1,0.1,4.6
131,Longfellows,American,67.0,12866,226632,3.0,90.9,1.5,0.2,2.8,0.0,77548,39653,117053,77.4,17.4,5.1,0.1,4.6
132,Triangle Diner,American,74.4,12866,226632,3.0,90.9,1.5,0.2,2.8,0.0,77548,39653,117053,77.4,17.4,5.1,0.1,4.6
133,15 Church Restaurant,American,167.8,12866,226632,3.0,90.9,1.5,0.2,2.8,0.0,77548,39653,117053,77.4,17.4,5.1,0.1,4.6
134,Boca Bistro,Bar,124.6,12866,226632,3.0,90.9,1.5,0.2,2.8,0.0,77548,39653,117053,77.4,17.4,5.1,0.1,4.6
135,Max London's Restaurant + Bar,American,105.2,12866,226632,3.0,90.9,1.5,0.2,2.8,0.0,77548,39653,117053,77.4,17.4,5.1,0.1,4.6
136,Prime at Saratoga National Golf Club,Central American,69.4,12866,226632,3.0,90.9,1.5,0.2,2.8,0.0,77548,39653,117053,77.4,17.4,5.1,0.1,4.6
137,Mrs London's,Cafe,116.2,12866,226632,3.0,90.9,1.5,0.2,2.8,0.0,77548,39653,117053,77.4,17.4,5.1,0.1,4.6
138,Country Corner Cafe,Vegetarian Friendly,47.0,12866,226632,3.0,90.9,1.5,0.2,2.8,0.0,77548,39653,117053,77.4,17.4,5.1,0.1,4.6
139,Hattie's,American,152.6,12866,226632,3.0,90.9,1.5,0.2,2.8,0.0,77548,39653,117053,77.4,17.4,5.1,0.1,4.6
140,Olde Bryan Inn,Brew Pub,294.4,12866,226632,3.0,90.9,1.5,0.2,2.8,0.0,77548,39653,117053,77.4,17.4,5.1,0.1,4.6
141,Sperry's Restaurant,American,133.0,12866,226632,3.0,90.9,1.5,0.2,2.8,0.0,77548,39653,117053,77.4,17.4,5.1,0.1,4.6
142,Forno Bistro,American,107.6,12866,226632,3.0,90.9,1.5,0.2,2.8,0.0,77548,39653,117053,77.4,17.4,5.1,0.1,4.6
143,Three Vines Bistro and Bar,Italian,41.8,12866,226632,3.0,90.9,1.5,0.2,2.8,0.0,77548,39653,117053,77.4,17.4,5.1,0.1,4.6
144,The Mouzon House,French,74.8,12866,226632,3.0,90.9,1.5,0.2,2.8,0.0,77548,39653,117053,77.4,17.4,5.1,0.1,4.6
145,The Brook Tavern,American,54.6,12866,226632,3.0,90.9,1.5,0.2,2.8,0.0,77548,39653,117053,77.4,17.4,5.1,0.1,4.6
146,Scallions Restaurant,American,90.8,12866,226632,3.0,90.9,1.5,0.2,2.8,0.0,77548,39653,117053,77.4,17.4,5.1,0.1,4.6
147,Comfort Kitchen,American,32.2,12866,226632,3.0,90.9,1.5,0.2,2.8,0.0,77548,39653,117053,77.4,17.4,5.1,0.1,4.6
148,Taverna Novo,Italian,19.4,12866,226632,3.0,90.9,1.5,0.2,2.8,0.0,77548,39653,117053,77.4,17.4,5.1,0.1,4.6
149,Mama Mia's Restaurant,Italian,58.8,12866,226632,3.0,90.9,1.5,0.2,2.8,0.0,77548,39653,117053,77.4,17.4,5.1,0.1,4.6
150,Eddie F's Eatery,American,19.6,12866,226632,3.0,90.9,1.5,0.2,2.8,0.0,77548,39653,117053,77.4,17.4,5.1,0.1,4.6
151,Karavalli - Regional Cuisine of India,Indian,39.4,12866,226632,3.0,90.9,1.5,0.2,2.8,0.0,77548,39653,117053,77.4,17.4,5.1,0.1,4.6
152,Thirsty Owl Wine Bar and Bistro,American,70.6,12866,226632,3.0,90.9,1.5,0.2,2.8,0.0,77548,39653,117053,77.4,17.4,5.1,0.1,4.6
153,Chianti Ristorante,Italian,118.0,12866,226632,3.0,90.9,1.5,0.2,2.8,0.0,77548,39653,117053,77.4,17.4,5.1,0.1,4.6
154,Sweet MIMI,American,44.2,12866,226632,3.0,90.9,1.5,0.2,2.8,0.0,77548,39653,117053,77.4,17.4,5.1,0.1,4.6
155,Osteria Danny,Italian,93.2,12866,226632,3.0,90.9,1.5,0.2,2.8,0.0,77548,39653,117053,77.4,17.4,5.1,0.1,4.6
156,El Mexicano,Mexican,58.0,12866,226632,3.0,90.9,1.5,0.2,2.8,0.0,77548,39653,117053,77.4,17.4,5.1,0.1,4.6
157,The Glass Tavern,American,34.0,12302,226632,3.0,90.9,1.5,0.2,2.8,0.0,77548,39653,117053,77.4,17.4,5.1,0.1,4.6
158,Beso,Latin,106.6,10301,475948,18.2,62.1,9.4,0.1,8.4,0.0,76244,33922,212253,74.6,21.0,4.3,0.1,5.5
159,Steiny's Pub,Bar,27.6,10301,475948,18.2,62.1,9.4,0.1,8.4,0.0,76244,33922,212253,74.6,21.0,4.3,0.1,5.5
160,Enoteca Maria,Italian,47.2,10301,475948,18.2,62.1,9.4,0.1,8.4,0.0,76244,33922,212253,74.6,21.0,4.3,0.1,5.5
161,Adobe Blues Restaurant,Bar,21.4,10301,475948,18.2,62.1,9.4,0.1,8.4,0.0,76244,33922,212253,74.6,21.0,4.3,0.1,5.5
162,The Gavel Grill,American,14.2,10301,475948,18.2,62.1,9.4,0.1,8.4,0.0,76244,33922,212253,74.6,21.0,4.3,0.1,5.5
163,Pier 76,Italian,24.2,10301,475948,18.2,62.1,9.4,0.1,8.4,0.0,76244,33922,212253,74.6,21.0,4.3,0.1,5.5
164,Ruddy & Dean,American,32.0,10301,475948,18.2,62.1,9.4,0.1,8.4,0.0,76244,33922,212253,74.6,21.0,4.3,0.1,5.5
165,Denino's Pizzeria & Tavern,Italian,164.6,10302,475948,18.2,62.1,9.4,0.1,8.4,0.0,76244,33922,212253,74.6,21.0,4.3,0.1,5.5
166,O'Neills Staten Island,Irish,12.6,10302,475948,18.2,62.1,9.4,0.1,8.4,0.0,76244,33922,212253,74.6,21.0,4.3,0.1,5.5
167,Lacey's Bridge Tavern,Bar,16.4,10302,475948,18.2,62.1,9.4,0.1,8.4,0.0,76244,33922,212253,74.6,21.0,4.3,0.1,5.5
168,Giulianaâ€™s Ristorante,Italian,58.4,10308,475948,18.2,62.1,9.4,0.1,8.4,0.0,76244,33922,212253,74.6,21.0,4.3,0.1,5.5
169,Patrizia's Of Staten Island,Italian,63.4,10308,475948,18.2,62.1,9.4,0.1,8.4,0.0,76244,33922,212253,74.6,21.0,4.3,0.1,5.5
170,Andrew's Diner,American,19.8,10308,475948,18.2,62.1,9.4,0.1,8.4,0.0,76244,33922,212253,74.6,21.0,4.3,0.1,5.5
171,Bocelli,Italian,22.4,10305,475948,18.2,62.1,9.4,0.1,8.4,0.0,76244,33922,212253,74.6,21.0,4.3,0.1,5.5
172,Bin 5,Italian,24.8,10305,475948,18.2,62.1,9.4,0.1,8.4,0.0,76244,33922,212253,74.6,21.0,4.3,0.1,5.5
173,Basilio Inn,Italian,25.8,10305,475948,18.2,62.1,9.4,0.1,8.4,0.0,76244,33922,212253,74.6,21.0,4.3,0.1,5.5
174,Da Noi Downtown Staten Island,Italian,24.2,10305,475948,18.2,62.1,9.4,0.1,8.4,0.0,76244,33922,212253,74.6,21.0,4.3,0.1,5.5
175,Lee's Tavern,Italian,83.2,10305,475948,18.2,62.1,9.4,0.1,8.4,0.0,76244,33922,212253,74.6,21.0,4.3,0.1,5.5
176,Trattoria Romana,Italian,55.4,10305,475948,18.2,62.1,9.4,0.1,8.4,0.0,76244,33922,212253,74.6,21.0,4.3,0.1,5.5
177,Nino's,Italian,22.6,10305,475948,18.2,62.1,9.4,0.1,8.4,0.0,76244,33922,212253,74.6,21.0,4.3,0.1,5.5
178,Bayou,American,42.8,10305,475948,18.2,62.1,9.4,0.1,8.4,0.0,76244,33922,212253,74.6,21.0,4.3,0.1,5.5
179,Nurnberger Bierhaus,German,23.4,10310,475948,18.2,62.1,9.4,0.1,8.4,0.0,76244,33922,212253,74.6,21.0,4.3,0.1,5.5
180,Blue,American,70.6,10310,475948,18.2,62.1,9.4,0.1,8.4,0.0,76244,33922,212253,74.6,21.0,4.3,0.1,5.5
181,Lorenzo's Restaurant & Cabaret,Italian,50.8,10314,475948,18.2,62.1,9.4,0.1,8.4,0.0,76244,33922,212253,74.6,21.0,4.3,0.1,5.5
182,Joe & Pat Pizzeria,Italian,25.0,10314,475948,18.2,62.1,9.4,0.1,8.4,0.0,76244,33922,212253,74.6,21.0,4.3,0.1,5.5
183,Lakruwana,Asian,13.8,10304,475948,18.2,62.1,9.4,0.1,8.4,0.0,76244,33922,212253,74.6,21.0,4.3,0.1,5.5
184,Surf,American,12.2,10304,475948,18.2,62.1,9.4,0.1,8.4,0.0,76244,33922,212253,74.6,21.0,4.3,0.1,5.5
185,Cucina Fresca,Italian,17.6,10306,475948,18.2,62.1,9.4,0.1,8.4,0.0,76244,33922,212253,74.6,21.0,4.3,0.1,5.5
186,Inca's Grill Peruvian Kitchen,Peruvian,26.0,10306,475948,18.2,62.1,9.4,0.1,8.4,0.0,76244,33922,212253,74.6,21.0,4.3,0.1,5.5
187,Reggiano's Brick Oven Pizza & Cafe,Italian,15.8,10307,475948,18.2,62.1,9.4,0.1,8.4,0.0,76244,33922,212253,74.6,21.0,4.3,0.1,5.5
188,Havana Central,Caribbean,42.4,10710,975321,24.0,54.4,13.5,0.1,5.8,0.0,89968,52049,479696,79.6,13.8,6.5,0.1,6.5
189,Carlos Restaurant,Italian,27.8,10710,975321,24.0,54.4,13.5,0.1,5.8,0.0,89968,52049,479696,79.6,13.8,6.5,0.1,6.5
190,Yard House,American,61.6,10710,975321,24.0,54.4,13.5,0.1,5.8,0.0,89968,52049,479696,79.6,13.8,6.5,0.1,6.5
191,La Lanterna,Italian,20.2,10710,975321,24.0,54.4,13.5,0.1,5.8,0.0,89968,52049,479696,79.6,13.8,6.5,0.1,6.5
192,Seven Brothers Diner,American,14.8,10710,975321,24.0,54.4,13.5,0.1,5.8,0.0,89968,52049,479696,79.6,13.8,6.5,0.1,6.5
193,Lefteris Gyro,Mediterranean,27.0,10710,975321,24.0,54.4,13.5,0.1,5.8,0.0,89968,52049,479696,79.6,13.8,6.5,0.1,6.5
194,Turkish Cuisine,Mediterranean,12.8,10601,975321,24.0,54.4,13.5,0.1,5.8,0.0,89968,52049,479696,79.6,13.8,6.5,0.1,6.5
195,Morton's The Steakhouse,American,50.0,10601,975321,24.0,54.4,13.5,0.1,5.8,0.0,89968,52049,479696,79.6,13.8,6.5,0.1,6.5
196,BLT Steak White Plains,American,44.2,10601,975321,24.0,54.4,13.5,0.1,5.8,0.0,89968,52049,479696,79.6,13.8,6.5,0.1,6.5
197,The Melting Pot,American,47.6,10601,975321,24.0,54.4,13.5,0.1,5.8,0.0,89968,52049,479696,79.6,13.8,6.5,0.1,6.5
198,KEE Oyster House,American,15.6,10601,975321,24.0,54.4,13.5,0.1,5.8,0.0,89968,52049,479696,79.6,13.8,6.5,0.1,6.5
199,Via Veneto 26,Italian,20.8,10601,975321,24.0,54.4,13.5,0.1,5.8,0.0,89968,52049,479696,79.6,13.8,6.5,0.1,6.5
200,Aberdeen Seafood and Dim Sum,Chinese,33.0,10601,975321,24.0,54.4,13.5,0.1,5.8,0.0,89968,52049,479696,79.6,13.8,6.5,0.1,6.5
201,Gyu-Kaku - White Plains,Japanese,16.2,10601,975321,24.0,54.4,13.5,0.1,5.8,0.0,89968,52049,479696,79.6,13.8,6.5,0.1,6.5
202,Lazy Boy Saloon,American,19.8,10601,975321,24.0,54.4,13.5,0.1,5.8,0.0,89968,52049,479696,79.6,13.8,6.5,0.1,6.5
203,Westchester Burger,American,39.2,10601,975321,24.0,54.4,13.5,0.1,5.8,0.0,89968,52049,479696,79.6,13.8,6.5,0.1,6.5
204,Graziella's,Italian,23.6,10601,975321,24.0,54.4,13.5,0.1,5.8,0.0,89968,52049,479696,79.6,13.8,6.5,0.1,6.5
205,The Iron Tomato,American,18.2,10601,975321,24.0,54.4,13.5,0.1,5.8,0.0,89968,52049,479696,79.6,13.8,6.5,0.1,6.5
206,Anthony's Coal Fired Pizza,Pizza,25.0,10601,975321,24.0,54.4,13.5,0.1,5.8,0.0,89968,52049,479696,79.6,13.8,6.5,0.1,6.5
207,Lilly's,American,21.6,10601,975321,24.0,54.4,13.5,0.1,5.8,0.0,89968,52049,479696,79.6,13.8,6.5,0.1,6.5
208,Mulino's of Westchester,Italian,61.6,10601,975321,24.0,54.4,13.5,0.1,5.8,0.0,89968,52049,479696,79.6,13.8,6.5,0.1,6.5
209,Brazen Fox,Bar,23.4,10601,975321,24.0,54.4,13.5,0.1,5.8,0.0,89968,52049,479696,79.6,13.8,6.5,0.1,6.5
210,Hudson Grille,American,41.4,10601,975321,24.0,54.4,13.5,0.1,5.8,0.0,89968,52049,479696,79.6,13.8,6.5,0.1,6.5
211,P.F. Chang's,Chinese,60.6,10601,975321,24.0,54.4,13.5,0.1,5.8,0.0,89968,52049,479696,79.6,13.8,6.5,0.1,6.5
212,Mediterraneo,Pizza,15.8,10601,975321,24.0,54.4,13.5,0.1,5.8,0.0,89968,52049,479696,79.6,13.8,6.5,0.1,6.5
213,Rory Dolan's Restaurant,Irish,53.0,10704,975321,24.0,54.4,13.5,0.1,5.8,0.0,89968,52049,479696,79.6,13.8,6.5,0.1,6.5
214,Raceway Diner,American,14.4,10704,975321,24.0,54.4,13.5,0.1,5.8,0.0,89968,52049,479696,79.6,13.8,6.5,0.1,6.5
215,J P Clarkes,Pub,8.2,10704,975321,24.0,54.4,13.5,0.1,5.8,0.0,89968,52049,479696,79.6,13.8,6.5,0.1,6.5
216,Tombolino Ristorante,Italian,15.2,10704,975321,24.0,54.4,13.5,0.1,5.8,0.0,89968,52049,479696,79.6,13.8,6.5,0.1,6.5
217,Lange's Delicatessen,American,14.2,10708,975321,24.0,54.4,13.5,0.1,5.8,0.0,89968,52049,479696,79.6,13.8,6.5,0.1,6.5
218,Rosie's Bistro Italiano,Italian,39.0,10708,975321,24.0,54.4,13.5,0.1,5.8,0.0,89968,52049,479696,79.6,13.8,6.5,0.1,6.5
219,Francesco's Restaurant,Italian,17.6,10605,975321,24.0,54.4,13.5,0.1,5.8,0.0,89968,52049,479696,79.6,13.8,6.5,0.1,6.5
220,Lombardo's Pizza and Pasta,Italian,22.4,10605,975321,24.0,54.4,13.5,0.1,5.8,0.0,89968,52049,479696,79.6,13.8,6.5,0.1,6.5
221,Sam's of Gedney Way,American,42.0,10605,975321,24.0,54.4,13.5,0.1,5.8,0.0,89968,52049,479696,79.6,13.8,6.5,0.1,6.5
222,Emma's Ale House,American,27.2,10605,975321,24.0,54.4,13.5,0.1,5.8,0.0,89968,52049,479696,79.6,13.8,6.5,0.1,6.5
223,Dom & Vinnie's Restaurant,Italian,11.8,10701,975321,24.0,54.4,13.5,0.1,5.8,0.0,89968,52049,479696,79.6,13.8,6.5,0.1,6.5
224,Zuppa Restaurant & Lounge,Italian,22.4,10701,975321,24.0,54.4,13.5,0.1,5.8,0.0,89968,52049,479696,79.6,13.8,6.5,0.1,6.5
225,Xaviars On The Hudson,American,145.6,10701,975321,24.0,54.4,13.5,0.1,5.8,0.0,89968,52049,479696,79.6,13.8,6.5,0.1,6.5
226,Yonkers Brewing Company,American,16.8,10701,975321,24.0,54.4,13.5,0.1,5.8,0.0,89968,52049,479696,79.6,13.8,6.5,0.1,6.5
227,Gianna's,Italian,54.8,10701,975321,24.0,54.4,13.5,0.1,5.8,0.0,89968,52049,479696,79.6,13.8,6.5,0.1,6.5
228,The Cabin Restaurant,American,32.0,10603,975321,24.0,54.4,13.5,0.1,5.8,0.0,89968,52049,479696,79.6,13.8,6.5,0.1,6.5
229,Alex's Bar & Grille,Italian,28.0,10603,975321,24.0,54.4,13.5,0.1,5.8,0.0,89968,52049,479696,79.6,13.8,6.5,0.1,6.5
230,Ribs On the Run,Barbecue,10.6,10606,975321,24.0,54.4,13.5,0.1,5.8,0.0,89968,52049,479696,79.6,13.8,6.5,0.1,6.5
231,Sapori,Italian,24.6,10606,975321,24.0,54.4,13.5,0.1,5.8,0.0,89968,52049,479696,79.6,13.8,6.5,0.1,6.5
232,City Limits Diner,American,127.4,10606,975321,24.0,54.4,13.5,0.1,5.8,0.0,89968,52049,479696,79.6,13.8,6.5,0.1,6.5
233,Buon Amici,Italian,37.2,10606,975321,24.0,54.4,13.5,0.1,5.8,0.0,89968,52049,479696,79.6,13.8,6.5,0.1,6.5
234,Benjamin Steakhouse,American,49.6,10607,975321,24.0,54.4,13.5,0.1,5.8,0.0,89968,52049,479696,79.6,13.8,6.5,0.1,6.5
235,Bareburger,American,30.8,11375,2339280,28.0,25.4,17.2,0.2,25.1,0.0,62008,28814,1142363,80.1,13.7,6.1,0.1,6.9
236,Nick's Pizza,Italian,32.8,11375,2339280,28.0,25.4,17.2,0.2,25.1,0.0,62008,28814,1142363,80.1,13.7,6.1,0.1,6.9
237,Nick's Bistro,Greek,13.4,11375,2339280,28.0,25.4,17.2,0.2,25.1,0.0,62008,28814,1142363,80.1,13.7,6.1,0.1,6.9
238,Cabana,Latin,42.8,11375,2339280,28.0,25.4,17.2,0.2,25.1,0.0,62008,28814,1142363,80.1,13.7,6.1,0.1,6.9
239,Martha's Country Bakery,Bakeries,77.2,11375,2339280,28.0,25.4,17.2,0.2,25.1,0.0,62008,28814,1142363,80.1,13.7,6.1,0.1,6.9
240,5 Burro Cafe,Mexican,28.4,11375,2339280,28.0,25.4,17.2,0.2,25.1,0.0,62008,28814,1142363,80.1,13.7,6.1,0.1,6.9
241,Dee's Brick Oven Pizza,Italian,16.2,11375,2339280,28.0,25.4,17.2,0.2,25.1,0.0,62008,28814,1142363,80.1,13.7,6.1,0.1,6.9
242,Il Poeta,Italian,14.8,11375,2339280,28.0,25.4,17.2,0.2,25.1,0.0,62008,28814,1142363,80.1,13.7,6.1,0.1,6.9
243,Pizza Port,Pizza,12.6,11420,2339280,28.0,25.4,17.2,0.2,25.1,0.0,62008,28814,1142363,80.1,13.7,6.1,0.1,6.9
244,Nanking  rockaway,Indian,10.8,11420,2339280,28.0,25.4,17.2,0.2,25.1,0.0,62008,28814,1142363,80.1,13.7,6.1,0.1,6.9
245,Trinciti Roti Shop and Restaurant,Caribbean,11.6,11420,2339280,28.0,25.4,17.2,0.2,25.1,0.0,62008,28814,1142363,80.1,13.7,6.1,0.1,6.9
246,Don Peppe's,Italian,40.2,11420,2339280,28.0,25.4,17.2,0.2,25.1,0.0,62008,28814,1142363,80.1,13.7,6.1,0.1,6.9
247,Don Peppe INC,Italian,14.8,11420,2339280,28.0,25.4,17.2,0.2,25.1,0.0,62008,28814,1142363,80.1,13.7,6.1,0.1,6.9
248,Asian Jewels Seafood Restaurant,Chinese,27.0,11354,2339280,28.0,25.4,17.2,0.2,25.1,0.0,62008,28814,1142363,80.1,13.7,6.1,0.1,6.9
249,"Little Sheep Mongolian Hot Pot, Flushing",Asian,15.4,11354,2339280,28.0,25.4,17.2,0.2,25.1,0.0,62008,28814,1142363,80.1,13.7,6.1,0.1,6.9
250,White Bear,Asian,9.6,11354,2339280,28.0,25.4,17.2,0.2,25.1,0.0,62008,28814,1142363,80.1,13.7,6.1,0.1,6.9
251,Joe's Shanghai,Chinese,51.4,11354,2339280,28.0,25.4,17.2,0.2,25.1,0.0,62008,28814,1142363,80.1,13.7,6.1,0.1,6.9
252,Shanghai You Garden,Chinese,18.8,11354,2339280,28.0,25.4,17.2,0.2,25.1,0.0,62008,28814,1142363,80.1,13.7,6.1,0.1,6.9
253,Magna Ristorante,Italian,39.0,11354,2339280,28.0,25.4,17.2,0.2,25.1,0.0,62008,28814,1142363,80.1,13.7,6.1,0.1,6.9
254,Hahm Ji Bach,Barbecue,14.2,11354,2339280,28.0,25.4,17.2,0.2,25.1,0.0,62008,28814,1142363,80.1,13.7,6.1,0.1,6.9
255,Spring Shabu-Shabu,Asian,14.0,11354,2339280,28.0,25.4,17.2,0.2,25.1,0.0,62008,28814,1142363,80.1,13.7,6.1,0.1,6.9
256,Szechuan Mountain House,Chinese,9.2,11354,2339280,28.0,25.4,17.2,0.2,25.1,0.0,62008,28814,1142363,80.1,13.7,6.1,0.1,6.9
257,Lucia Pizza,Pizza,13.6,11354,2339280,28.0,25.4,17.2,0.2,25.1,0.0,62008,28814,1142363,80.1,13.7,6.1,0.1,6.9
258,Bahari Estiatorio,Mediterranean,48.4,11106,2339280,28.0,25.4,17.2,0.2,25.1,0.0,62008,28814,1142363,80.1,13.7,6.1,0.1,6.9
259,Bean's & Lager,American,6.4,11106,2339280,28.0,25.4,17.2,0.2,25.1,0.0,62008,28814,1142363,80.1,13.7,6.1,0.1,6.9
260,Bel Aire Diner,American,37.0,11106,2339280,28.0,25.4,17.2,0.2,25.1,0.0,62008,28814,1142363,80.1,13.7,6.1,0.1,6.9
261,Sanford's,American,41.6,11106,2339280,28.0,25.4,17.2,0.2,25.1,0.0,62008,28814,1142363,80.1,13.7,6.1,0.1,6.9
262,Brooklyn Bagel & Coffee Co,Quick Bites,28.8,11106,2339280,28.0,25.4,17.2,0.2,25.1,0.0,62008,28814,1142363,80.1,13.7,6.1,0.1,6.9
263,Mikes Pizza,Italian,45.2,11101,2339280,28.0,25.4,17.2,0.2,25.1,0.0,62008,28814,1142363,80.1,13.7,6.1,0.1,6.9
264,Dutch Kills Centraal,American,126.8,11101,2339280,28.0,25.4,17.2,0.2,25.1,0.0,62008,28814,1142363,80.1,13.7,6.1,0.1,6.9
265,LIC Market,American,43.8,11101,2339280,28.0,25.4,17.2,0.2,25.1,0.0,62008,28814,1142363,80.1,13.7,6.1,0.1,6.9
266,John Brown Smokehouse,American,82.8,11101,2339280,28.0,25.4,17.2,0.2,25.1,0.0,62008,28814,1142363,80.1,13.7,6.1,0.1,6.9
267,The Baroness,American,29.6,11101,2339280,28.0,25.4,17.2,0.2,25.1,0.0,62008,28814,1142363,80.1,13.7,6.1,0.1,6.9
268,Casa Enrique,Mexican,55.2,11101,2339280,28.0,25.4,17.2,0.2,25.1,0.0,62008,28814,1142363,80.1,13.7,6.1,0.1,6.9
269,Court Square Diner,American,116.6,11101,2339280,28.0,25.4,17.2,0.2,25.1,0.0,62008,28814,1142363,80.1,13.7,6.1,0.1,6.9
270,Manetta's Ristorante,Italian,40.6,11101,2339280,28.0,25.4,17.2,0.2,25.1,0.0,62008,28814,1142363,80.1,13.7,6.1,0.1,6.9
271,The Buffet,Chinese,14.4,11356,2339280,28.0,25.4,17.2,0.2,25.1,0.0,62008,28814,1142363,80.1,13.7,6.1,0.1,6.9
272,Dumpling Galaxy,Chinese,11.6,11355,2339280,28.0,25.4,17.2,0.2,25.1,0.0,62008,28814,1142363,80.1,13.7,6.1,0.1,6.9
273,Kung Fu Xiao Long Bao,Chinese,13.2,11355,2339280,28.0,25.4,17.2,0.2,25.1,0.0,62008,28814,1142363,80.1,13.7,6.1,0.1,6.9
274,Xian Famous Food,Chinese,20.6,11355,2339280,28.0,25.4,17.2,0.2,25.1,0.0,62008,28814,1142363,80.1,13.7,6.1,0.1,6.9
275,Ganesh Temple Canteen,Indian,11.2,11355,2339280,28.0,25.4,17.2,0.2,25.1,0.0,62008,28814,1142363,80.1,13.7,6.1,0.1,6.9
276,Lake Pavilion,Chinese,15.8,11355,2339280,28.0,25.4,17.2,0.2,25.1,0.0,62008,28814,1142363,80.1,13.7,6.1,0.1,6.9
277,Jackson Hole,Greek,37.0,11370,2339280,28.0,25.4,17.2,0.2,25.1,0.0,62008,28814,1142363,80.1,13.7,6.1,0.1,6.9
278,Cannelle Patisserie,Bakeries,20.8,11370,2339280,28.0,25.4,17.2,0.2,25.1,0.0,62008,28814,1142363,80.1,13.7,6.1,0.1,6.9
279,The Pool Bar,Bar,8.6,11430,2339280,28.0,25.4,17.2,0.2,25.1,0.0,62008,28814,1142363,80.1,13.7,6.1,0.1,6.9
280,Hilton Garden Inns Restaurant,American,29.8,11430,2339280,28.0,25.4,17.2,0.2,25.1,0.0,62008,28814,1142363,80.1,13.7,6.1,0.1,6.9
281,Arepa Lady,Latin,10.0,11372,2339280,28.0,25.4,17.2,0.2,25.1,0.0,62008,28814,1142363,80.1,13.7,6.1,0.1,6.9
282,Addictive Wine & Tapas Bar,Spanish,9.0,11372,2339280,28.0,25.4,17.2,0.2,25.1,0.0,62008,28814,1142363,80.1,13.7,6.1,0.1,6.9
283,Jackson Diner,Indian,33.0,11372,2339280,28.0,25.4,17.2,0.2,25.1,0.0,62008,28814,1142363,80.1,13.7,6.1,0.1,6.9
284,Pio Pio 5 To Go,Spanish,36.4,11372,2339280,28.0,25.4,17.2,0.2,25.1,0.0,62008,28814,1142363,80.1,13.7,6.1,0.1,6.9
285,El Chivito d'Oro,Latin,17.4,11372,2339280,28.0,25.4,17.2,0.2,25.1,0.0,62008,28814,1142363,80.1,13.7,6.1,0.1,6.9
286,Uncle Peter's,Grill,23.6,11372,2339280,28.0,25.4,17.2,0.2,25.1,0.0,62008,28814,1142363,80.1,13.7,6.1,0.1,6.9
287,Lenny's Clam Bar & Restaurant,Italian,48.2,11414,2339280,28.0,25.4,17.2,0.2,25.1,0.0,62008,28814,1142363,80.1,13.7,6.1,0.1,6.9
288,Bruno's Restaurant,Italian,67.8,11414,2339280,28.0,25.4,17.2,0.2,25.1,0.0,62008,28814,1142363,80.1,13.7,6.1,0.1,6.9
289,Gino's Pizzeria,Italian,24.4,11414,2339280,28.0,25.4,17.2,0.2,25.1,0.0,62008,28814,1142363,80.1,13.7,6.1,0.1,6.9
290,Vetro by Russo's on the Bay,Italian,31.2,11414,2339280,28.0,25.4,17.2,0.2,25.1,0.0,62008,28814,1142363,80.1,13.7,6.1,0.1,6.9
291,Dannys Szechuan Garden,Chinese,12.4,11414,2339280,28.0,25.4,17.2,0.2,25.1,0.0,62008,28814,1142363,80.1,13.7,6.1,0.1,6.9
292,Matteos,Italian,20.8,11414,2339280,28.0,25.4,17.2,0.2,25.1,0.0,62008,28814,1142363,80.1,13.7,6.1,0.1,6.9
293,SoleLuna,Italian,21.4,11104,2339280,28.0,25.4,17.2,0.2,25.1,0.0,62008,28814,1142363,80.1,13.7,6.1,0.1,6.9
294,Pete's Grill,American,55.0,11104,2339280,28.0,25.4,17.2,0.2,25.1,0.0,62008,28814,1142363,80.1,13.7,6.1,0.1,6.9
295,Parkside Restaurant,Italian,99.0,11368,2339280,28.0,25.4,17.2,0.2,25.1,0.0,62008,28814,1142363,80.1,13.7,6.1,0.1,6.9
296,Il Triangolo,Italian,30.0,11368,2339280,28.0,25.4,17.2,0.2,25.1,0.0,62008,28814,1142363,80.1,13.7,6.1,0.1,6.9
297,Rincon Criollo,Caribbean,28.6,11368,2339280,28.0,25.4,17.2,0.2,25.1,0.0,62008,28814,1142363,80.1,13.7,6.1,0.1,6.9
298,Lemon Ice King of Corona,Dessert,48.6,11368,2339280,28.0,25.4,17.2,0.2,25.1,0.0,62008,28814,1142363,80.1,13.7,6.1,0.1,6.9
299,144 Restaurant and Lounge,American,51.4,11436,2339280,28.0,25.4,17.2,0.2,25.1,0.0,62008,28814,1142363,80.1,13.7,6.1,0.1,6.9
300,SriPraPhai,Asian,63.8,11377,2339280,28.0,25.4,17.2,0.2,25.1,0.0,62008,28814,1142363,80.1,13.7,6.1,0.1,6.9
301,Margherita Pizza Incorporated,Pizza,11.4,11432,2339280,28.0,25.4,17.2,0.2,25.1,0.0,62008,28814,1142363,80.1,13.7,6.1,0.1,6.9
302,Smile of The Beyond Restaurant,International,9.4,11432,2339280,28.0,25.4,17.2,0.2,25.1,0.0,62008,28814,1142363,80.1,13.7,6.1,0.1,6.9
303,Stamatis,Mediterranean,53.0,11105,2339280,28.0,25.4,17.2,0.2,25.1,0.0,62008,28814,1142363,80.1,13.7,6.1,0.1,6.9
304,The Thirsty Koala,Australian,30.6,11105,2339280,28.0,25.4,17.2,0.2,25.1,0.0,62008,28814,1142363,80.1,13.7,6.1,0.1,6.9
305,Agnanti,Mediterranean,38.6,11105,2339280,28.0,25.4,17.2,0.2,25.1,0.0,62008,28814,1142363,80.1,13.7,6.1,0.1,6.9
306,Trattoria L'incontro,Italian,86.6,11105,2339280,28.0,25.4,17.2,0.2,25.1,0.0,62008,28814,1142363,80.1,13.7,6.1,0.1,6.9
307,Taverna Kyclades,Seafood,156.8,11105,2339280,28.0,25.4,17.2,0.2,25.1,0.0,62008,28814,1142363,80.1,13.7,6.1,0.1,6.9
308,Loukoumi taverna,Mediterranean,34.6,11105,2339280,28.0,25.4,17.2,0.2,25.1,0.0,62008,28814,1142363,80.1,13.7,6.1,0.1,6.9
309,London Lennie's,American,62.6,11374,2339280,28.0,25.4,17.2,0.2,25.1,0.0,62008,28814,1142363,80.1,13.7,6.1,0.1,6.9
310,Gyro World,Mediterranean,20.2,11358,2339280,28.0,25.4,17.2,0.2,25.1,0.0,62008,28814,1142363,80.1,13.7,6.1,0.1,6.9
311,Primo Amore Italian Restaurant,Italian,9.8,11358,2339280,28.0,25.4,17.2,0.2,25.1,0.0,62008,28814,1142363,80.1,13.7,6.1,0.1,6.9
312,Mythos Authentic Greek Cuisine,Mediterranean,14.0,11358,2339280,28.0,25.4,17.2,0.2,25.1,0.0,62008,28814,1142363,80.1,13.7,6.1,0.1,6.9
313,Piccolo Sogno,Pizza,19.6,11358,2339280,28.0,25.4,17.2,0.2,25.1,0.0,62008,28814,1142363,80.1,13.7,6.1,0.1,6.9
314,Acquista Trattoria,Italian,11.0,11366,2339280,28.0,25.4,17.2,0.2,25.1,0.0,62008,28814,1142363,80.1,13.7,6.1,0.1,6.9
315,Tu Casa,Peruvian,19.0,11415,2339280,28.0,25.4,17.2,0.2,25.1,0.0,62008,28814,1142363,80.1,13.7,6.1,0.1,6.9
316,Dani's House Of Pizza,Italian,20.6,11415,2339280,28.0,25.4,17.2,0.2,25.1,0.0,62008,28814,1142363,80.1,13.7,6.1,0.1,6.9
317,Butcher Bar,American,66.4,11103,2339280,28.0,25.4,17.2,0.2,25.1,0.0,62008,28814,1142363,80.1,13.7,6.1,0.1,6.9
318,Fontana Famous Pizza,Mediterranean,14.6,11361,2339280,28.0,25.4,17.2,0.2,25.1,0.0,62008,28814,1142363,80.1,13.7,6.1,0.1,6.9
319,Avli Little Greek Tavern,Mediterranean,36.4,11361,2339280,28.0,25.4,17.2,0.2,25.1,0.0,62008,28814,1142363,80.1,13.7,6.1,0.1,6.9
320,Aldo's II Pizzeria and Restaurant,Italian,15.2,11417,2339280,28.0,25.4,17.2,0.2,25.1,0.0,62008,28814,1142363,80.1,13.7,6.1,0.1,6.9
321,Ayada Thai,Asian,21.4,11373,2339280,28.0,25.4,17.2,0.2,25.1,0.0,62008,28814,1142363,80.1,13.7,6.1,0.1,6.9
322,La Fusta Restaurant and Steak House,Latin,15.2,11373,2339280,28.0,25.4,17.2,0.2,25.1,0.0,62008,28814,1142363,80.1,13.7,6.1,0.1,6.9
323,O Lavrador Restaurant,Seafood,22.0,11435,2339280,28.0,25.4,17.2,0.2,25.1,0.0,62008,28814,1142363,80.1,13.7,6.1,0.1,6.9
324,Zum Stammtisch Restaurant,German,51.6,11385,2339280,28.0,25.4,17.2,0.2,25.1,0.0,62008,28814,1142363,80.1,13.7,6.1,0.1,6.9
325,Millard Fillmore Tavern,American,12.0,11365,2339280,28.0,25.4,17.2,0.2,25.1,0.0,62008,28814,1142363,80.1,13.7,6.1,0.1,6.9
326,The Door,Caribbean,65.2,11434,2339280,28.0,25.4,17.2,0.2,25.1,0.0,62008,28814,1142363,80.1,13.7,6.1,0.1,6.9
327,La Cucina Di Mamma,Italian,112.6,14303,212675,2.7,86.0,7.1,1.0,1.0,0.0,51656,28395,100990,81.8,14.2,3.9,0.1,6.2
328,Rainforest Cafe,American,226.6,14303,212675,2.7,86.0,7.1,1.0,1.0,0.0,51656,28395,100990,81.8,14.2,3.9,0.1,6.2
329,The Western Door,American,60.6,14303,212675,2.7,86.0,7.1,1.0,1.0,0.0,51656,28395,100990,81.8,14.2,3.9,0.1,6.2
330,Three Sister's Cafe,American,59.6,14303,212675,2.7,86.0,7.1,1.0,1.0,0.0,51656,28395,100990,81.8,14.2,3.9,0.1,6.2
331,Top of The Falls Restaurant,American,152.6,14303,212675,2.7,86.0,7.1,1.0,1.0,0.0,51656,28395,100990,81.8,14.2,3.9,0.1,6.2
332,Bakery Restaurant and Lounge,American,62.4,14303,212675,2.7,86.0,7.1,1.0,1.0,0.0,51656,28395,100990,81.8,14.2,3.9,0.1,6.2
333,Hard Rock Cafe,American,351.4,14303,212675,2.7,86.0,7.1,1.0,1.0,0.0,51656,28395,100990,81.8,14.2,3.9,0.1,6.2
334,Rock Burger,American,11.4,14303,212675,2.7,86.0,7.1,1.0,1.0,0.0,51656,28395,100990,81.8,14.2,3.9,0.1,6.2
335,Red Coach Inn - Restaurant,American,307.2,14303,212675,2.7,86.0,7.1,1.0,1.0,0.0,51656,28395,100990,81.8,14.2,3.9,0.1,6.2
336,Savor,American,71.0,14303,212675,2.7,86.0,7.1,1.0,1.0,0.0,51656,28395,100990,81.8,14.2,3.9,0.1,6.2
337,Third Street Retreat,American,51.2,14303,212675,2.7,86.0,7.1,1.0,1.0,0.0,51656,28395,100990,81.8,14.2,3.9,0.1,6.2
338,Polish Nook,Polish,17.0,14303,212675,2.7,86.0,7.1,1.0,1.0,0.0,51656,28395,100990,81.8,14.2,3.9,0.1,6.2
339,Power City Eatery,American,18.0,14301,212675,2.7,86.0,7.1,1.0,1.0,0.0,51656,28395,100990,81.8,14.2,3.9,0.1,6.2
340,The Marketside,American,29.6,14301,212675,2.7,86.0,7.1,1.0,1.0,0.0,51656,28395,100990,81.8,14.2,3.9,0.1,6.2
341,Zaika Indian Cuisine Buffet & Bar,International,102.8,14301,212675,2.7,86.0,7.1,1.0,1.0,0.0,51656,28395,100990,81.8,14.2,3.9,0.1,6.2
342,The Como Restaurant and Lounge,Italian,59.6,14301,212675,2.7,86.0,7.1,1.0,1.0,0.0,51656,28395,100990,81.8,14.2,3.9,0.1,6.2
343,Michael's Restaurant,Italian,75.6,14301,212675,2.7,86.0,7.1,1.0,1.0,0.0,51656,28395,100990,81.8,14.2,3.9,0.1,6.2
344,Donatello's Restaurant,Italian,91.6,14301,212675,2.7,86.0,7.1,1.0,1.0,0.0,51656,28395,100990,81.8,14.2,3.9,0.1,6.2
345,The Why Coffee Shop,American,21.0,14301,212675,2.7,86.0,7.1,1.0,1.0,0.0,51656,28395,100990,81.8,14.2,3.9,0.1,6.2
346,Chill 443,American,42.4,14301,212675,2.7,86.0,7.1,1.0,1.0,0.0,51656,28395,100990,81.8,14.2,3.9,0.1,6.2
347,Wine on Third,American,96.6,14301,212675,2.7,86.0,7.1,1.0,1.0,0.0,51656,28395,100990,81.8,14.2,3.9,0.1,6.2
348,LongHorn Steakhouse,American,39.2,14304,212675,2.7,86.0,7.1,1.0,1.0,0.0,51656,28395,100990,81.8,14.2,3.9,0.1,6.2
349,The Griffon Gastropub,American,173.4,14304,212675,2.7,86.0,7.1,1.0,1.0,0.0,51656,28395,100990,81.8,14.2,3.9,0.1,6.2
350,Duff's Famous Wings,American,46.0,14304,212675,2.7,86.0,7.1,1.0,1.0,0.0,51656,28395,100990,81.8,14.2,3.9,0.1,6.2
351,La Galera,Mexican,59.0,14304,212675,2.7,86.0,7.1,1.0,1.0,0.0,51656,28395,100990,81.8,14.2,3.9,0.1,6.2
352,Buzzy's New York Style Pizza,Italian,94.0,14304,212675,2.7,86.0,7.1,1.0,1.0,0.0,51656,28395,100990,81.8,14.2,3.9,0.1,6.2
353,Nelsons Cafe,American,12.2,14304,212675,2.7,86.0,7.1,1.0,1.0,0.0,51656,28395,100990,81.8,14.2,3.9,0.1,6.2
354,Fuji Grill,Japanese,29.4,14304,212675,2.7,86.0,7.1,1.0,1.0,0.0,51656,28395,100990,81.8,14.2,3.9,0.1,6.2
355,El Cubilete,Mexican,33.6,14304,212675,2.7,86.0,7.1,1.0,1.0,0.0,51656,28395,100990,81.8,14.2,3.9,0.1,6.2
356,Olive Garden,Italian,78.8,14304,212675,2.7,86.0,7.1,1.0,1.0,0.0,51656,28395,100990,81.8,14.2,3.9,0.1,6.2
357,Katie O'Byrnes Restaurant,Irish,44.4,12305,155239,6.7,73.8,9.6,0.2,4.6,0.0,61315,29981,73044,76.5,19.2,4.3,0.0,7.3
358,Tara Kitchen,Moroccan,64.2,12305,155239,6.7,73.8,9.6,0.2,4.6,0.0,61315,29981,73044,76.5,19.2,4.3,0.0,7.3
359,More Perreca's,Italian,40.0,12305,155239,6.7,73.8,9.6,0.2,4.6,0.0,61315,29981,73044,76.5,19.2,4.3,0.0,7.3
360,Stockade Inn,American,19.6,12305,155239,6.7,73.8,9.6,0.2,4.6,0.0,61315,29981,73044,76.5,19.2,4.3,0.0,7.3
361,Ambition Bistro,American,30.2,12305,155239,6.7,73.8,9.6,0.2,4.6,0.0,61315,29981,73044,76.5,19.2,4.3,0.0,7.3
362,Persian Bite,Middle Eastern,15.4,12305,155239,6.7,73.8,9.6,0.2,4.6,0.0,61315,29981,73044,76.5,19.2,4.3,0.0,7.3
363,Cornells In Little Italy,Italian,60.0,12305,155239,6.7,73.8,9.6,0.2,4.6,0.0,61315,29981,73044,76.5,19.2,4.3,0.0,7.3
364,Johnny's,Italian,135.8,12305,155239,6.7,73.8,9.6,0.2,4.6,0.0,61315,29981,73044,76.5,19.2,4.3,0.0,7.3
365,Zen,Sushi,31.6,12305,155239,6.7,73.8,9.6,0.2,4.6,0.0,61315,29981,73044,76.5,19.2,4.3,0.0,7.3
366,Daley's on Yates,American,14.6,12305,155239,6.7,73.8,9.6,0.2,4.6,0.0,61315,29981,73044,76.5,19.2,4.3,0.0,7.3
367,Perreca's Bakery,Italian,38.6,12305,155239,6.7,73.8,9.6,0.2,4.6,0.0,61315,29981,73044,76.5,19.2,4.3,0.0,7.3
368,Slick's Restaurant,American,13.8,12305,155239,6.7,73.8,9.6,0.2,4.6,0.0,61315,29981,73044,76.5,19.2,4.3,0.0,7.3
369,20 North Broadway Tavern,American,13.0,12305,155239,6.7,73.8,9.6,0.2,4.6,0.0,61315,29981,73044,76.5,19.2,4.3,0.0,7.3
370,Van Dyck Lounge,American,29.8,12305,155239,6.7,73.8,9.6,0.2,4.6,0.0,61315,29981,73044,76.5,19.2,4.3,0.0,7.3
371,Malcolm's,American,13.4,12305,155239,6.7,73.8,9.6,0.2,4.6,0.0,61315,29981,73044,76.5,19.2,4.3,0.0,7.3
372,The Appian Way,Italian,13.6,12308,155239,6.7,73.8,9.6,0.2,4.6,0.0,61315,29981,73044,76.5,19.2,4.3,0.0,7.3
373,John Riccitello Restaurant,Italian,15.8,12308,155239,6.7,73.8,9.6,0.2,4.6,0.0,61315,29981,73044,76.5,19.2,4.3,0.0,7.3
374,Maison Premiere,Seafood,70.0,11249,2635121,19.3,36.0,30.6,0.1,11.8,0.0,52782,29928,1217976,79.4,13.9,6.6,0.1,8.1
375,Oregano,Italian,59.8,11249,2635121,19.3,36.0,30.6,0.1,11.8,0.0,52782,29928,1217976,79.4,13.9,6.6,0.1,8.1
376,RabbitHole,American,57.6,11249,2635121,19.3,36.0,30.6,0.1,11.8,0.0,52782,29928,1217976,79.4,13.9,6.6,0.1,8.1
377,Cafe Mogador,Moroccan,96.8,11249,2635121,19.3,36.0,30.6,0.1,11.8,0.0,52782,29928,1217976,79.4,13.9,6.6,0.1,8.1
378,DeStefano's Steak House,American,59.8,11211,2635121,19.3,36.0,30.6,0.1,11.8,0.0,52782,29928,1217976,79.4,13.9,6.6,0.1,8.1
379,Juliana's Pizza,Pizza,622.6,11201,2635121,19.3,36.0,30.6,0.1,11.8,0.0,52782,29928,1217976,79.4,13.9,6.6,0.1,8.1
380,Queen Italian Restaurant,Italian,70.4,11201,2635121,19.3,36.0,30.6,0.1,11.8,0.0,52782,29928,1217976,79.4,13.9,6.6,0.1,8.1
381,SUGARCANE raw bar grill,Latin,37.6,11201,2635121,19.3,36.0,30.6,0.1,11.8,0.0,52782,29928,1217976,79.4,13.9,6.6,0.1,8.1
382,Westville Dumbo,American,39.6,11201,2635121,19.3,36.0,30.6,0.1,11.8,0.0,52782,29928,1217976,79.4,13.9,6.6,0.1,8.1
383,Sottocasa Pizzeria,Italian,69.6,11201,2635121,19.3,36.0,30.6,0.1,11.8,0.0,52782,29928,1217976,79.4,13.9,6.6,0.1,8.1
384,The River Cafe,American,814.6,11201,2635121,19.3,36.0,30.6,0.1,11.8,0.0,52782,29928,1217976,79.4,13.9,6.6,0.1,8.1
385,Table 87 Coal Oven Pizza,Italian,39.6,11201,2635121,19.3,36.0,30.6,0.1,11.8,0.0,52782,29928,1217976,79.4,13.9,6.6,0.1,8.1
386,Champs Diner,American,43.2,11206,2635121,19.3,36.0,30.6,0.1,11.8,0.0,52782,29928,1217976,79.4,13.9,6.6,0.1,8.1
387,Al Di La Trattoria,Italian,67.6,11215,2635121,19.3,36.0,30.6,0.1,11.8,0.0,52782,29928,1217976,79.4,13.9,6.6,0.1,8.1
388,Michael's of Brooklyn,Italian,44.0,11229,2635121,19.3,36.0,30.6,0.1,11.8,0.0,52782,29928,1217976,79.4,13.9,6.6,0.1,8.1
389,Enzo's Of Arthur Avenue,Italian,77.6,10458,1455846,55.7,9.5,29.4,0.2,3.6,0.0,36593,19721,593858,80.0,14.6,5.3,0.1,11.6
390,Full Moon Pizzeria & Restaurant,Italian,51.4,10458,1455846,55.7,9.5,29.4,0.2,3.6,0.0,36593,19721,593858,80.0,14.6,5.3,0.1,11.6
391,Antonio's Trattoria,Italian,49.2,10458,1455846,55.7,9.5,29.4,0.2,3.6,0.0,36593,19721,593858,80.0,14.6,5.3,0.1,11.6
392,zero otto nove,Italian,88.8,10458,1455846,55.7,9.5,29.4,0.2,3.6,0.0,36593,19721,593858,80.0,14.6,5.3,0.1,11.6
393,Emilia's Restaurant,Italian,56.0,10458,1455846,55.7,9.5,29.4,0.2,3.6,0.0,36593,19721,593858,80.0,14.6,5.3,0.1,11.6
394,Liebman's Kosher Delicatessen,American,24.8,10463,1455846,55.7,9.5,29.4,0.2,3.6,0.0,36593,19721,593858,80.0,14.6,5.3,0.1,11.6
395,NYY Steak,American,17.6,10451,1455846,55.7,9.5,29.4,0.2,3.6,0.0,36593,19721,593858,80.0,14.6,5.3,0.1,11.6
396,City Island Lobster House,Seafood,75.4,10464,1455846,55.7,9.5,29.4,0.2,3.6,0.0,36593,19721,593858,80.0,14.6,5.3,0.1,11.6
397,Louie & Ernie's Pizza,Italian,40.8,10461,1455846,55.7,9.5,29.4,0.2,3.6,0.0,36593,19721,593858,80.0,14.6,5.3,0.1,11.6
398,Jake's Steakhouse,American,26.8,10471,1455846,55.7,9.5,29.4,0.2,3.6,0.0,36593,19721,593858,80.0,14.6,5.3,0.1,11.6
399,Chef's,Italian,169.0,14204,923995,5.2,76.0,13.0,0.4,3.4,0.0,54006,31083,448392,79.9,15.9,4.1,0.1,5.5
400,Gene McCarthy's,American,20.2,14204,923995,5.2,76.0,13.0,0.4,3.4,0.0,54006,31083,448392,79.9,15.9,4.1,0.1,5.5
401,Betty's,American,78.0,14201,923995,5.2,76.0,13.0,0.4,3.4,0.0,54006,31083,448392,79.9,15.9,4.1,0.1,5.5
402,Allen Burger Venture,American,36.8,14201,923995,5.2,76.0,13.0,0.4,3.4,0.0,54006,31083,448392,79.9,15.9,4.1,0.1,5.5
403,Gabriel's Gate Restaurant,American,76.0,14201,923995,5.2,76.0,13.0,0.4,3.4,0.0,54006,31083,448392,79.9,15.9,4.1,0.1,5.5
404,Toutant,American,43.0,14203,923995,5.2,76.0,13.0,0.4,3.4,0.0,54006,31083,448392,79.9,15.9,4.1,0.1,5.5
405,Tappo Restaurant,Italian,62.0,14203,923995,5.2,76.0,13.0,0.4,3.4,0.0,54006,31083,448392,79.9,15.9,4.1,0.1,5.5
406,Raclettes,French,56.2,14203,923995,5.2,76.0,13.0,0.4,3.4,0.0,54006,31083,448392,79.9,15.9,4.1,0.1,5.5
407,Big Ditch Brewing Company,American,65.8,14203,923995,5.2,76.0,13.0,0.4,3.4,0.0,54006,31083,448392,79.9,15.9,4.1,0.1,5.5
408,Italian Prime At Salvatore's,Italian,132.8,14043,923995,5.2,76.0,13.0,0.4,3.4,0.0,54006,31083,448392,79.9,15.9,4.1,0.1,5.5
409,Osteria 166,Italian,70.0,14202,923995,5.2,76.0,13.0,0.4,3.4,0.0,54006,31083,448392,79.9,15.9,4.1,0.1,5.5
410,Bacchus Wine Bar & Restaurant,American,75.6,14202,923995,5.2,76.0,13.0,0.4,3.4,0.0,54006,31083,448392,79.9,15.9,4.1,0.1,5.5
411,TEMPO,American,60.2,14202,923995,5.2,76.0,13.0,0.4,3.4,0.0,54006,31083,448392,79.9,15.9,4.1,0.1,5.5
412,Local Kitchen & Beer Bar,American,20.6,14202,923995,5.2,76.0,13.0,0.4,3.4,0.0,54006,31083,448392,79.9,15.9,4.1,0.1,5.5
413,Fat Bob's Smokehouse,American,66.6,14202,923995,5.2,76.0,13.0,0.4,3.4,0.0,54006,31083,448392,79.9,15.9,4.1,0.1,5.5
414,Buffalo Chophouse,American,66.6,14202,923995,5.2,76.0,13.0,0.4,3.4,0.0,54006,31083,448392,79.9,15.9,4.1,0.1,5.5
415,Pearl Street Grill & Brewery,American,316.0,14224,923995,5.2,76.0,13.0,0.4,3.4,0.0,54006,31083,448392,79.9,15.9,4.1,0.1,5.5
416,Suzy Q's Barbeque Shack,American,30.2,14207,923995,5.2,76.0,13.0,0.4,3.4,0.0,54006,31083,448392,79.9,15.9,4.1,0.1,5.5
417,Sun Restaurant,Sushi,40.4,14207,923995,5.2,76.0,13.0,0.4,3.4,0.0,54006,31083,448392,79.9,15.9,4.1,0.1,5.5
418,Hutch's,American,80.4,14209,923995,5.2,76.0,13.0,0.4,3.4,0.0,54006,31083,448392,79.9,15.9,4.1,0.1,5.5
419,Anchor Bar,American,625.8,14209,923995,5.2,76.0,13.0,0.4,3.4,0.0,54006,31083,448392,79.9,15.9,4.1,0.1,5.5
420,Parkside Meadow,American,20.4,14214,923995,5.2,76.0,13.0,0.4,3.4,0.0,54006,31083,448392,79.9,15.9,4.1,0.1,5.5
421,Lake Effect Diner,American,81.6,14214,923995,5.2,76.0,13.0,0.4,3.4,0.0,54006,31083,448392,79.9,15.9,4.1,0.1,5.5
422,Lombardo Ristorante,Italian,51.0,14216,923995,5.2,76.0,13.0,0.4,3.4,0.0,54006,31083,448392,79.9,15.9,4.1,0.1,5.5
423,Oliver's Restaurant,American,37.6,14216,923995,5.2,76.0,13.0,0.4,3.4,0.0,54006,31083,448392,79.9,15.9,4.1,0.1,5.5
424,Cracker Barrel,American,84.4,14221,923995,5.2,76.0,13.0,0.4,3.4,0.0,54006,31083,448392,79.9,15.9,4.1,0.1,5.5
425,The Left Bank,American,138.8,14213,923995,5.2,76.0,13.0,0.4,3.4,0.0,54006,31083,448392,79.9,15.9,4.1,0.1,5.5
426,Mulberry Italian Ristorante,Italian,201.6,14218,923995,5.2,76.0,13.0,0.4,3.4,0.0,54006,31083,448392,79.9,15.9,4.1,0.1,5.5
427,Sri Siam,Asian,22.4,12144,159800,4.6,83.9,5.9,0.0,2.5,0.0,63166,33067,80468,73.5,21.8,4.6,0.2,5.8
428,Skyline Diner,American,16.2,12144,159800,4.6,83.9,5.9,0.0,2.5,0.0,63166,33067,80468,73.5,21.8,4.6,0.2,5.8
429,Casey's Restaurant,American,32.6,12144,159800,4.6,83.9,5.9,0.0,2.5,0.0,63166,33067,80468,73.5,21.8,4.6,0.2,5.8
430,DiBella's Old Fashioned Submarines,American,60.2,14623,748680,8.3,71.0,14.5,0.2,3.6,0.0,55272,31291,367859,83.2,12.1,4.6,0.1,6.6
431,Delmonico's Italian Steak House,American,70.4,14623,748680,8.3,71.0,14.5,0.2,3.6,0.0,55272,31291,367859,83.2,12.1,4.6,0.1,6.6
432,Tapas 177,International,38.6,14604,748680,8.3,71.0,14.5,0.2,3.6,0.0,55272,31291,367859,83.2,12.1,4.6,0.1,6.6
433,Pane Vino,Italian,68.0,14604,748680,8.3,71.0,14.5,0.2,3.6,0.0,55272,31291,367859,83.2,12.1,4.6,0.1,6.6
434,Han Noodle Bar,Chinese,30.6,14607,748680,8.3,71.0,14.5,0.2,3.6,0.0,55272,31291,367859,83.2,12.1,4.6,0.1,6.6
435,Jines Restaurant,American,103.4,14607,748680,8.3,71.0,14.5,0.2,3.6,0.0,55272,31291,367859,83.2,12.1,4.6,0.1,6.6
436,The Red Fern,American,28.4,14607,748680,8.3,71.0,14.5,0.2,3.6,0.0,55272,31291,367859,83.2,12.1,4.6,0.1,6.6
437,Park Avenue Pub & Restaurant,American,36.2,14607,748680,8.3,71.0,14.5,0.2,3.6,0.0,55272,31291,367859,83.2,12.1,4.6,0.1,6.6
438,Tournedos Steakhouse,American,39.6,14607,748680,8.3,71.0,14.5,0.2,3.6,0.0,55272,31291,367859,83.2,12.1,4.6,0.1,6.6
439,Sinbad's Mediterranean Cuisine,Mediterranean,51.8,14607,748680,8.3,71.0,14.5,0.2,3.6,0.0,55272,31291,367859,83.2,12.1,4.6,0.1,6.6
440,Good Luck,American,54.2,14607,748680,8.3,71.0,14.5,0.2,3.6,0.0,55272,31291,367859,83.2,12.1,4.6,0.1,6.6
441,Char,American,45.8,14607,748680,8.3,71.0,14.5,0.2,3.6,0.0,55272,31291,367859,83.2,12.1,4.6,0.1,6.6
442,The Gate House Cafe,American,65.4,14607,748680,8.3,71.0,14.5,0.2,3.6,0.0,55272,31291,367859,83.2,12.1,4.6,0.1,6.6
443,The Owl House,American,60.0,14607,748680,8.3,71.0,14.5,0.2,3.6,0.0,55272,31291,367859,83.2,12.1,4.6,0.1,6.6
444,Shmeg's,American,24.4,14624,748680,8.3,71.0,14.5,0.2,3.6,0.0,55272,31291,367859,83.2,12.1,4.6,0.1,6.6
445,Black & Blue Steak & Crab,American,102.6,14618,748680,8.3,71.0,14.5,0.2,3.6,0.0,55272,31291,367859,83.2,12.1,4.6,0.1,6.6
446,Amaya Indian Cuisine,Indian,43.6,14618,748680,8.3,71.0,14.5,0.2,3.6,0.0,55272,31291,367859,83.2,12.1,4.6,0.1,6.6
447,The Cub Room,American,35.4,14620,748680,8.3,71.0,14.5,0.2,3.6,0.0,55272,31291,367859,83.2,12.1,4.6,0.1,6.6
448,The Distillery Restaurant Mt. Hope,American,85.0,14620,748680,8.3,71.0,14.5,0.2,3.6,0.0,55272,31291,367859,83.2,12.1,4.6,0.1,6.6
449,Highland Park Diner,American,46.4,14620,748680,8.3,71.0,14.5,0.2,3.6,0.0,55272,31291,367859,83.2,12.1,4.6,0.1,6.6
450,Trata,American,76.2,14620,748680,8.3,71.0,14.5,0.2,3.6,0.0,55272,31291,367859,83.2,12.1,4.6,0.1,6.6
451,Rooney's Restaurant,American,63.6,14620,748680,8.3,71.0,14.5,0.2,3.6,0.0,55272,31291,367859,83.2,12.1,4.6,0.1,6.6
452,Tony Dâ€™s,Italian,53.4,14608,748680,8.3,71.0,14.5,0.2,3.6,0.0,55272,31291,367859,83.2,12.1,4.6,0.1,6.6
453,Guido's Pasta Villa,Italian,59.4,14621,748680,8.3,71.0,14.5,0.2,3.6,0.0,55272,31291,367859,83.2,12.1,4.6,0.1,6.6
454,Sticky Lips Pit BBQ,American,167.2,14609,748680,8.3,71.0,14.5,0.2,3.6,0.0,55272,31291,367859,83.2,12.1,4.6,0.1,6.6
455,Swan Market,German,64.0,14609,748680,8.3,71.0,14.5,0.2,3.6,0.0,55272,31291,367859,83.2,12.1,4.6,0.1,6.6
456,Ristorante Lucano,Italian,49.2,14610,748680,8.3,71.0,14.5,0.2,3.6,0.0,55272,31291,367859,83.2,12.1,4.6,0.1,6.6
